{"cpae": {"Science_Arts_Male_Female": {"score": 0.5764578580856323, "p_val": 0.1393939393939394}, "Math_Arts_Male_Female": {"score": 1.1962560415267944, "p_val": 0.007381507381507382}}, "cpae-np": {"Science_Arts_Male_Female": {"score": 1.1010148525238037, "p_val": 0.013830613830613831}, "Math_Arts_Male_Female": {"score": 0.7472628355026245, "p_val": 0.07762237762237763}}, "cpae-np-pro": {"Science_Arts_Male_Female": {"score": -0.10824897885322571, "p_val": 0.5787878787878787}, "Math_Arts_Male_Female": {"score": -0.7497551441192627, "p_val": 0.9232323232323232}}, "d2v": {"Science_Arts_Male_Female": {"score": 1.2289559841156006, "p_val": 0.006060606060606061}, "Math_Arts_Male_Female": {"score": 1.2609145641326904, "p_val": 0.004584304584304585}}, "glove": {"Science_Arts_Male_Female": {"score": 1.4349193572998047, "p_val": 0.0003885003885003885}, "Math_Arts_Male_Female": {"score": 1.2376306056976318, "p_val": 0.0014763014763014763}}, "w2v": {"Science_Arts_Male_Female": {"score": 1.0972745418548584, "p_val": 0.014996114996114996}, "Math_Arts_Male_Female": {"score": 1.1303788423538208, "p_val": 0.012121212121212121}}}