{"cpae": {"Science_Arts_Male_Female": {"score": 0.9010204076766968, "p_val": 0.05332167832167832}, "Math_Arts_Male_Female": {"score": 1.1962560415267944, "p_val": 0.007381507381507382}}, "d2v": {"Science_Arts_Male_Female": {"score": 1.2358555793762207, "p_val": 0.009615384615384616}, "Math_Arts_Male_Female": {"score": 1.2609145641326904, "p_val": 0.004584304584304585}}, "glove": {"Science_Arts_Male_Female": {"score": 1.4896947145462036, "p_val": 0.0005827505827505828}, "Math_Arts_Male_Female": {"score": 1.2376306056976318, "p_val": 0.0014763014763014763}}, "w2v": {"Science_Arts_Male_Female": {"score": 1.2519580125808716, "p_val": 0.009324009324009324}, "Math_Arts_Male_Female": {"score": 1.1303788423538208, "p_val": 0.012121212121212121}}}