{"cpae": {"Science_Arts_Male_Female": {"score": 0.8212870955467224, "p_val": 0.07196969696969698}, "Math_Arts_Male_Female": {"score": 1.3611918687820435, "p_val": 0.0024087024087024087}, "Flowers_Insects_Pleasant_Unpleasant": {"score": 0.994083821773529, "p_val": 0.0002}}, "d2v": {"Science_Arts_Male_Female": {"score": 0.7792115807533264, "p_val": 0.08304195804195805}, "Math_Arts_Male_Female": {"score": 1.398339867591858, "p_val": 0.0017094017094017094}, "Flowers_Insects_Pleasant_Unpleasant": {"score": 1.3646042346954346, "p_val": 0.0}}, "glove": {"Science_Arts_Male_Female": {"score": 1.380025029182434, "p_val": 0.0020396270396270395}, "Math_Arts_Male_Female": {"score": 1.384578824043274, "p_val": 0.0003108003108003108}, "Flowers_Insects_Pleasant_Unpleasant": {"score": 1.393896460533142, "p_val": 0.0}}, "w2v": {"Science_Arts_Male_Female": {"score": 1.195149540901184, "p_val": 0.013694638694638694}, "Math_Arts_Male_Female": {"score": 1.1047062873840332, "p_val": 0.012354312354312355}, "Flowers_Insects_Pleasant_Unpleasant": {"score": 1.5549756288528442, "p_val": 0.0}}}