{"cpae": {"Science_Arts_Male_Female": {"score": 0.9607967138290405, "p_val": 0.03787878787878788}, "Math_Arts_Male_Female": {"score": 1.3611918687820435, "p_val": 0.0024087024087024087}, "Flowers_Insects_Pleasant_Unpleasant": {"score": 0.994083821773529, "p_val": 0.00012}}, "cpae-np": {"Science_Arts_Male_Female": {"score": 0.7454968094825745, "p_val": 0.09731934731934731}, "Math_Arts_Male_Female": {"score": 0.708915650844574, "p_val": 0.08966588966588966}, "Flowers_Insects_Pleasant_Unpleasant": {"score": 1.102160930633545, "p_val": 0.0}}, "cpae-np-pro": {"Science_Arts_Male_Female": {"score": 0.2448401004076004, "p_val": 0.34236596736596736}, "Math_Arts_Male_Female": {"score": 0.05599132925271988, "p_val": 0.4578088578088578}, "Flowers_Insects_Pleasant_Unpleasant": {"score": 1.3335820436477661, "p_val": 0.0}}, "d2v": {"Science_Arts_Male_Female": {"score": 0.4720657169818878, "p_val": 0.20541958041958042}, "Math_Arts_Male_Female": {"score": 1.398339867591858, "p_val": 0.0017094017094017094}, "Flowers_Insects_Pleasant_Unpleasant": {"score": 1.3646042346954346, "p_val": 0.0}}, "glove": {"Science_Arts_Male_Female": {"score": 1.4976937770843506, "p_val": 0.0020396270396270395}, "Math_Arts_Male_Female": {"score": 1.384578824043274, "p_val": 0.0003108003108003108}, "Flowers_Insects_Pleasant_Unpleasant": {"score": 1.3875718116760254, "p_val": 0.0}}, "w2v": {"Science_Arts_Male_Female": {"score": 1.218214511871338, "p_val": 0.011655011655011656}, "Math_Arts_Male_Female": {"score": 1.1047062873840332, "p_val": 0.012354312354312355}, "Flowers_Insects_Pleasant_Unpleasant": {"score": 1.5549756288528442, "p_val": 0.0}}}